{
    "Base": {
        "pass@1": 0.304,
        "brier_score": 0.56628,
        "ece": 0.5879999999999999,
        "auroc": 0.5906590290381125,
        "accuracy": 0.304,
        "completion length": 432.574,
        "confidence level": 0.8919999999999998,
        "confidence format adherence": 0.998
    },
    "RLVR": {
        "pass@1": 0.46,
        "brier_score": 0.54,
        "ece": 0.54,
        "auroc": 0.5,
        "accuracy": 0.46,
        "completion length": 414.718,
        "confidence level": 1.0,
        "confidence format adherence": 1.0
    },
    "RLVR-Classifier": {
        "pass@1": 0.46,
        "brier_score": 0.20865982460975646,
        "ece": 0.1264228515625,
        "auroc": 0.7715942028985506,
        "accuracy": 0.46,
        "completion length": 385.718,
        "confidence level": 0.5864228515625,
        "confidence format adherence": 0.0
    },
    "Answer-Prob": {
        "pass@1": 0.46,
        "brier_score": 0.5249075201991864,
        "ece": 0.5292837998132817,
        "auroc": 0.6094685990338164,
        "accuracy": 0.46,
        "completion length": 430.554,
        "confidence level": 0.9892837998132817,
        "confidence format adherence": 1.0
    },
    "RLCR": {
        "pass@1": 0.444,
        "brier_score": 0.18770499999999998,
        "ece": 0.07770000000000003,
        "auroc": 0.798147968111997,
        "accuracy": 0.444,
        "completion length": 1170.452,
        "confidence level": 0.5157,
        "confidence format adherence": 1.0
    }
}