{
    "Base": {
        "pass@1": 0.578,
        "brier_score": 0.38110750000000004,
        "ece": 0.37149999999999966,
        "auroc": 0.51046466816445,
        "accuracy": 0.578,
        "completion length": 435.526,
        "confidence level": 0.9494999999999998,
        "confidence format adherence": 1.0
    },
    "RLVR": {
        "pass@1": 0.5515,
        "brier_score": 0.43013575000000004,
        "ece": 0.4272250000000001,
        "auroc": 0.5034885095983287,
        "accuracy": 0.5515,
        "completion length": 1466.393,
        "confidence level": 0.9787250000000001,
        "confidence format adherence": 1.0
    },
    "RLVR-Classifier": {
        "pass@1": 0.5825,
        "brier_score": 0.29071909725666045,
        "ece": 0.22272192382812495,
        "auroc": 0.5739893603351237,
        "accuracy": 0.5825,
        "completion length": 1389.69,
        "confidence level": 0.805221923828125,
        "confidence format adherence": 0.0
    },
    "Answer-Prob": {
        "pass@1": 0.5825,
        "brier_score": 0.39821690281795713,
        "ece": 0.3844705041206414,
        "auroc": 0.4801608799568245,
        "accuracy": 0.5825,
        "completion length": 1433.9385,
        "confidence level": 0.9659705041206413,
        "confidence format adherence": 1.0
    },
    "RLCR": {
        "pass@1": 0.61,
        "brier_score": 0.21829500000000002,
        "ece": 0.0982499999999999,
        "auroc": 0.6731604665825978,
        "accuracy": 0.61,
        "completion length": 2032.665,
        "confidence level": 0.70725,
        "confidence format adherence": 1.0
    },
    "SFT-RLCR": {
        "pass@1": 0.5555,
        "brier_score": 0.21168170000000003,
        "ece": 0.058410000000000024,
        "auroc": 0.7193480877896565,
        "accuracy": 0.5555,
        "completion length": 3220.6315,
        "confidence level": 0.6139100000000001,
        "confidence format adherence": 1.0
    }
}