{
    "Base": {
        "pass@1": 0.7354056103108415,
        "brier_score": 0.24026156178923425,
        "ece": 0.2145564821834723,
        "auroc": 0.5236049980799338,
        "accuracy": 0.7354056103108415,
        "completion length": 765.65579984837,
        "confidence level": 0.9499620924943138,
        "confidence format adherence": 1.0
    },
    "RLVR": {
        "pass@1": 0.9021986353297953,
        "brier_score": 0.0942836239575436,
        "ece": 0.04805913570887044,
        "auroc": 0.4647156537033418,
        "accuracy": 0.9021986353297953,
        "completion length": 1141.40940106141,
        "confidence level": 0.9502577710386657,
        "confidence format adherence": 1.0
    },
    "RLVR-Classifier": {
        "pass@1": 0.9067475360121304,
        "brier_score": 0.07683611114970476,
        "ece": 0.05661508185652011,
        "auroc": 0.7682111102047475,
        "accuracy": 0.9067475360121304,
        "completion length": 1064.100833965125,
        "confidence level": 0.8531154490854814,
        "confidence format adherence": 0.0
    },
    "Answer-Prob": {
        "pass@1": 0.9067475360121304,
        "brier_score": 0.09082476105032528,
        "ece": 0.08771791475004075,
        "auroc": 0.47910378769339534,
        "accuracy": 0.9067475360121304,
        "completion length": 1108.948445792267,
        "confidence level": 0.9941548403666464,
        "confidence format adherence": 1.0
    },
    "RLCR": {
        "pass@1": 0.8961334344200151,
        "brier_score": 0.10022934040940107,
        "ece": 0.1186125852918879,
        "auroc": 0.6317759087035458,
        "accuracy": 0.8961334344200151,
        "completion length": 1807.9105382865807,
        "confidence level": 0.7778241091736162,
        "confidence format adherence": 1.0
    },
    "SFT-RLCR": {
        "pass@1": 0.9037149355572404,
        "brier_score": 0.07585481425322214,
        "ece": 0.05833965125094755,
        "auroc": 0.7305263436030228,
        "accuracy": 0.9037149355572404,
        "completion length": 2088.9977255496588,
        "confidence level": 0.8517437452615618,
        "confidence format adherence": 1.0
    }
}