{
    "Base": {
        "pass@1": 0.13453536754507628,
        "brier_score": 0.7731929033749421,
        "ece": 0.8091423948220066,
        "auroc": 0.5018586439333863,
        "accuracy": 0.13453536754507628,
        "completion length": 499.19556171983356,
        "confidence level": 0.9436777623670828,
        "confidence format adherence": 0.9997688395746648
    },
    "RLVR": {
        "pass@1": 0.12413314840499307,
        "brier_score": 0.875,
        "ece": 0.875288950531669,
        "auroc": 0.5006598046978095,
        "accuracy": 0.12413314840499307,
        "completion length": 336.7008784096163,
        "confidence level": 0.999422098936662,
        "confidence format adherence": 1.0
    },
    "RLVR-Classifier": {
        "pass@1": 0.12413314840499307,
        "brier_score": 0.5307711349611639,
        "ece": 0.6377854966698451,
        "auroc": 0.4765382296002395,
        "accuracy": 0.12413314840499307,
        "completion length": 307.70203421174295,
        "confidence level": 0.7619186450748382,
        "confidence format adherence": 0.0
    },
    "Answer-Prob": {
        "pass@1": 0.12413314840499307,
        "brier_score": 0.8320284473516578,
        "ece": 0.8468749347875935,
        "auroc": 0.41779767267101225,
        "accuracy": 0.12413314840499307,
        "completion length": 352.544151641239,
        "confidence level": 0.9710080831925862,
        "confidence format adherence": 1.0
    },
    "RLCR": {
        "pass@1": 0.1208969024503005,
        "brier_score": 0.24092669902912622,
        "ece": 0.3369232547387887,
        "auroc": 0.5983977125837557,
        "accuracy": 0.1208969024503005,
        "completion length": 910.5231160425335,
        "confidence level": 0.45782015718908925,
        "confidence format adherence": 1.0
    }
}