{
    "Base": {
        "pass@1": 0.3950892857142857,
        "brier_score": 0.5035332589285714,
        "ece": 0.5094419642857144,
        "auroc": 0.4920361915483561,
        "accuracy": 0.3950892857142857,
        "completion length": 2084.848214285714,
        "confidence level": 0.8987276785714285,
        "confidence format adherence": 1.0
    },
    "RLVR": {
        "pass@1": 0.3950892857142857,
        "brier_score": 0.6049107142857143,
        "ece": 0.6049107142857143,
        "auroc": 0.5,
        "accuracy": 0.3950892857142857,
        "completion length": 846.03125,
        "confidence level": 1.0,
        "confidence format adherence": 1.0
    },
    "RLVR-Classifier": {
        "pass@1": 0.3950892857142857,
        "brier_score": 0.2786443639280541,
        "ece": 0.16075515747070315,
        "auroc": 0.5229220088811057,
        "accuracy": 0.3950892857142857,
        "completion length": 817.03125,
        "confidence level": 0.4753706795828683,
        "confidence format adherence": 0.0
    },
    "Answer-Prob": {
        "pass@1": 0.3950892857142857,
        "brier_score": 0.5374732631702662,
        "ece": 0.543880167871768,
        "auroc": 0.5264452644526445,
        "accuracy": 0.3950892857142857,
        "completion length": 861.6696428571429,
        "confidence level": 0.9367373107289111,
        "confidence format adherence": 1.0
    },
    "RLCR": {
        "pass@1": 0.41517857142857145,
        "brier_score": 0.266725,
        "ece": 0.15500000000000008,
        "auroc": 0.5496798818025117,
        "accuracy": 0.41517857142857145,
        "completion length": 1603.2700892857142,
        "confidence level": 0.5331696428571429,
        "confidence format adherence": 1.0
    }
}