{
    "Base": {
        "pass@1": 0.397,
        "brier_score": 0.52526,
        "ece": 0.5348999999999996,
        "auroc": 0.5399492879849284,
        "accuracy": 0.397,
        "completion length": 528.551,
        "confidence level": 0.9318999999999997,
        "confidence format adherence": 1.0
    },
    "RLVR": {
        "pass@1": 0.63,
        "brier_score": 0.37,
        "ece": 0.37,
        "auroc": 0.5,
        "accuracy": 0.63,
        "completion length": 376.715,
        "confidence level": 1.0,
        "confidence format adherence": 1.0
    },
    "RLVR-Classifier": {
        "pass@1": 0.63,
        "brier_score": 0.21745071625709533,
        "ece": 0.07029248046874999,
        "auroc": 0.6635671385671386,
        "accuracy": 0.63,
        "completion length": 347.715,
        "confidence level": 0.68948291015625,
        "confidence format adherence": 0.0
    },
    "Answer-Prob": {
        "pass@1": 0.63,
        "brier_score": 0.3565979960483172,
        "ece": 0.35959325136099285,
        "auroc": 0.7153196053196054,
        "accuracy": 0.63,
        "completion length": 392.567,
        "confidence level": 0.9895932513609927,
        "confidence format adherence": 1.0
    },
    "RLCR": {
        "pass@1": 0.621,
        "brier_score": 0.21046999999999996,
        "ece": 0.030199999999999963,
        "auroc": 0.6867784958297749,
        "accuracy": 0.621,
        "completion length": 1148.067,
        "confidence level": 0.6446000000000001,
        "confidence format adherence": 1.0
    }
}