{
    "Base": {
        "pass@1": 0.7354056103108415,
        "brier_score": 0.24026156178923425,
        "ece": 0.2145564821834723,
        "auroc": 0.5236049980799338,
        "accuracy": 0.7354056103108415,
        "completion length": 765.65579984837,
        "confidence level": 0.9499620924943138,
        "confidence format adherence": 1.0
    },
    "RLVR": {
        "pass@1": 0.8013646702047005,
        "brier_score": 0.1983472327520849,
        "ece": 0.19848369977255498,
        "auroc": 0.5038167938931297,
        "accuracy": 0.8013646702047005,
        "completion length": 459.3608794541319,
        "confidence level": 0.9998483699772555,
        "confidence format adherence": 1.0
    },
    "RLVR-Classifier": {
        "pass@1": 0.8013646702047005,
        "brier_score": 0.16197109023579329,
        "ece": 0.06675237810367703,
        "auroc": 0.5722807600366875,
        "accuracy": 0.8013646702047005,
        "completion length": 430.36239575435934,
        "confidence level": 0.7497034774213419,
        "confidence format adherence": 0.0
    },
    "Answer-Prob": {
        "pass@1": 0.8013646702047005,
        "brier_score": 0.16326068539880506,
        "ece": 0.16921196122121818,
        "auroc": 0.7749030454909834,
        "accuracy": 0.8013646702047005,
        "completion length": 475.23351023502653,
        "confidence level": 0.9705766314259188,
        "confidence format adherence": 1.0
    },
    "RLCR": {
        "pass@1": 0.8627748294162244,
        "brier_score": 0.14152009097801366,
        "ece": 0.19658832448824864,
        "auroc": 0.7401105943353173,
        "accuracy": 0.8627748294162244,
        "completion length": 1162.303260045489,
        "confidence level": 0.6705079605761941,
        "confidence format adherence": 1.0
    }
}