{
    "Base": {
        "pass@1": 0.468,
        "brier_score": 0.484505,
        "ece": 0.49209999999999987,
        "auroc": 0.5909565580618211,
        "accuracy": 0.468,
        "completion length": 1656.764,
        "confidence level": 0.9601,
        "confidence format adherence": 1.0
    },
    "RLVR": {
        "pass@1": 0.386,
        "brier_score": 0.6103599999999999,
        "ece": 0.6112,
        "auroc": 0.5023121972624935,
        "accuracy": 0.386,
        "completion length": 660.608,
        "confidence level": 0.9972000000000001,
        "confidence format adherence": 1.0
    },
    "RLVR-Classifier": {
        "pass@1": 0.386,
        "brier_score": 0.2600605568885803,
        "ece": 0.22356152343750002,
        "auroc": 0.7037433967359201,
        "accuracy": 0.386,
        "completion length": 631.616,
        "confidence level": 0.6095615234375,
        "confidence format adherence": 0.0
    },
    "Answer-Prob": {
        "pass@1": 0.386,
        "brier_score": 0.5095189290874206,
        "ece": 0.5467414246609824,
        "auroc": 0.7855901166225041,
        "accuracy": 0.386,
        "completion length": 676.334,
        "confidence level": 0.9327414246609825,
        "confidence format adherence": 1.0
    },
    "RLCR": {
        "pass@1": 0.454,
        "brier_score": 0.251445,
        "ece": 0.1879,
        "auroc": 0.7156653918768455,
        "accuracy": 0.454,
        "completion length": 1568.716,
        "confidence level": 0.6418999999999999,
        "confidence format adherence": 1.0
    }
}