{
    "Base": {
        "pass@1": 0.8861588861588862,
        "brier_score": 0.0986977886977887,
        "ece": 0.003685503685503741,
        "auroc": 0.6204902990731259,
        "accuracy": 0.8861588861588862,
        "completion length": 920.055692055692,
        "confidence level": 0.8824733824733825,
        "confidence format adherence": 1.0
    },
    "RLVR": {
        "pass@1": 0.8656838656838657,
        "brier_score": 0.13060016380016382,
        "ece": 0.1255692055692057,
        "auroc": 0.5468998777026559,
        "accuracy": 0.8656838656838657,
        "completion length": 1780.4160524160525,
        "confidence level": 0.9912530712530714,
        "confidence format adherence": 1.0
    },
    "RLVR-Classifier": {
        "pass@1": 0.8927108927108927,
        "brier_score": 0.22633927928727735,
        "ece": 0.3430213772010647,
        "auroc": 0.6144582953988375,
        "accuracy": 0.8927108927108927,
        "completion length": 1687.6142506142505,
        "confidence level": 0.549689515509828,
        "confidence format adherence": 0.0
    },
    "Answer-Prob": {
        "pass@1": 0.8927108927108927,
        "brier_score": 0.10432382426005776,
        "ece": 0.09441096955945123,
        "auroc": 0.5560508438966314,
        "accuracy": 0.8927108927108927,
        "completion length": 1732.4725634725635,
        "confidence level": 0.9866936838459193,
        "confidence format adherence": 1.0
    },
    "RLCR": {
        "pass@1": 0.9009009009009009,
        "brier_score": 0.21304668304668303,
        "ece": 0.3396396396396396,
        "auroc": 0.6194402704733283,
        "accuracy": 0.9009009009009009,
        "completion length": 2318.4602784602785,
        "confidence level": 0.5612612612612613,
        "confidence format adherence": 1.0
    },
    "SFT-RLCR": {
        "pass@1": 0.7764127764127764,
        "brier_score": 0.21716625716625715,
        "ece": 0.25143325143325146,
        "auroc": 0.7263218497395713,
        "accuracy": 0.7764127764127764,
        "completion length": 3477.4930384930385,
        "confidence level": 0.5256347256347256,
        "confidence format adherence": 1.0
    }
}