{
    "Base": {
        "pass@1": 0.3950892857142857,
        "brier_score": 0.5035332589285714,
        "ece": 0.5094419642857144,
        "auroc": 0.4920361915483561,
        "accuracy": 0.3950892857142857,
        "completion length": 2084.848214285714,
        "confidence level": 0.8987276785714285,
        "confidence format adherence": 1.0
    },
    "RLVR": {
        "pass@1": 0.46651785714285715,
        "brier_score": 0.53109375,
        "ece": 0.5305803571428571,
        "auroc": 0.49580588977197654,
        "accuracy": 0.46651785714285715,
        "completion length": 3690.7946428571427,
        "confidence level": 0.9970982142857142,
        "confidence format adherence": 1.0
    },
    "RLVR-Classifier": {
        "pass@1": 0.5,
        "brier_score": 0.32697875894206974,
        "ece": 0.26821545192173546,
        "auroc": 0.5142199457908163,
        "accuracy": 0.5,
        "completion length": 3604.5758928571427,
        "confidence level": 0.2620405469621931,
        "confidence format adherence": 0.0
    },
    "Answer-Prob": {
        "pass@1": 0.5,
        "brier_score": 0.44118308101879183,
        "ece": 0.39849795500781376,
        "auroc": 0.5318678252551021,
        "accuracy": 0.5,
        "completion length": 3646.8772321428573,
        "confidence level": 0.8940336692935281,
        "confidence format adherence": 1.0
    },
    "RLCR": {
        "pass@1": 0.4330357142857143,
        "brier_score": 0.25979910714285714,
        "ece": 0.10200892857142857,
        "auroc": 0.5681163243769787,
        "accuracy": 0.4330357142857143,
        "completion length": 3727.6004464285716,
        "confidence level": 0.5029017857142857,
        "confidence format adherence": 1.0
    },
    "SFT-RLCR": {
        "pass@1": 0.32589285714285715,
        "brier_score": 0.22590491071428573,
        "ece": 0.07950892857142859,
        "auroc": 0.6018892316066408,
        "accuracy": 0.32589285714285715,
        "completion length": 5149.935267857143,
        "confidence level": 0.35977678571428573,
        "confidence format adherence": 1.0
    }
}