{
    "Base": {
        "pass@1": 0.8861588861588862,
        "brier_score": 0.0986977886977887,
        "ece": 0.003685503685503741,
        "auroc": 0.6204902990731259,
        "accuracy": 0.8861588861588862,
        "completion length": 920.055692055692,
        "confidence level": 0.8824733824733825,
        "confidence format adherence": 1.0
    },
    "RLVR": {
        "pass@1": 0.9082719082719083,
        "brier_score": 0.09172809172809172,
        "ece": 0.09172809172809171,
        "auroc": 0.5,
        "accuracy": 0.9082719082719083,
        "completion length": 339.8673218673219,
        "confidence level": 1.0,
        "confidence format adherence": 1.0
    },
    "RLVR-Classifier": {
        "pass@1": 0.9082719082719083,
        "brier_score": 0.11841990418555208,
        "ece": 0.18274195715601962,
        "auroc": 0.6532590493365967,
        "accuracy": 0.9082719082719083,
        "completion length": 310.8673218673219,
        "confidence level": 0.7255299511158886,
        "confidence format adherence": 0.0
    },
    "Answer-Prob": {
        "pass@1": 0.9082719082719083,
        "brier_score": 0.08256174869291501,
        "ece": 0.03106463414440928,
        "auroc": 0.6034393919876336,
        "accuracy": 0.9082719082719083,
        "completion length": 355.74201474201476,
        "confidence level": 0.9276833036446188,
        "confidence format adherence": 1.0
    },
    "RLCR": {
        "pass@1": 0.9131859131859131,
        "brier_score": 0.16731072891072893,
        "ece": 0.30239148239148245,
        "auroc": 0.7279719096370251,
        "accuracy": 0.9131859131859131,
        "completion length": 1012.0745290745291,
        "confidence level": 0.6107944307944307,
        "confidence format adherence": 1.0
    }
}