{
    "Base": {
        "pass@1": 0.13453536754507628,
        "brier_score": 0.7731929033749421,
        "ece": 0.8091423948220066,
        "auroc": 0.5018586439333863,
        "accuracy": 0.13453536754507628,
        "completion length": 499.19556171983356,
        "confidence level": 0.9436777623670828,
        "confidence format adherence": 0.9997688395746648
    },
    "RLVR": {
        "pass@1": 0.1421636615811373,
        "brier_score": 0.827722006472492,
        "ece": 0.8399815071659733,
        "auroc": 0.5278852368151814,
        "accuracy": 0.1421636615811373,
        "completion length": 1513.2635228848821,
        "confidence level": 0.9821451687471106,
        "confidence format adherence": 1.0
    },
    "RLVR-Classifier": {
        "pass@1": 0.15210355987055016,
        "brier_score": 0.567442291321933,
        "ece": 0.6413691604903491,
        "auroc": 0.44564507628615846,
        "accuracy": 0.15210355987055016,
        "completion length": 1434.4660194174758,
        "confidence level": 0.7934542094674641,
        "confidence format adherence": 0.0
    },
    "Answer-Prob": {
        "pass@1": 0.15210355987055016,
        "brier_score": 0.7993000873465623,
        "ece": 0.8101192041742636,
        "auroc": 0.44975480040968796,
        "accuracy": 0.15210355987055016,
        "completion length": 1478.5501618122978,
        "confidence level": 0.9622227640448138,
        "confidence format adherence": 1.0
    },
    "RLCR": {
        "pass@1": 0.12066574202496533,
        "brier_score": 0.4256819232547388,
        "ece": 0.5358760980120202,
        "auroc": 0.518323623852287,
        "accuracy": 0.12066574202496533,
        "completion length": 1964.671752196024,
        "confidence level": 0.6565418400369857,
        "confidence format adherence": 1.0
    },
    "SFT-RLCR": {
        "pass@1": 0.11396208969024503,
        "brier_score": 0.2896378871937125,
        "ece": 0.3971636615811373,
        "auroc": 0.5953550595368818,
        "accuracy": 0.11396208969024503,
        "completion length": 3198.42071197411,
        "confidence level": 0.5109963014331945,
        "confidence format adherence": 1.0
    }
}