{
    "Base": {
        "pass@1": 0.481,
        "brier_score": 0.4662351,
        "ece": 0.46948999999999985,
        "auroc": 0.5597582909721637,
        "accuracy": 0.481,
        "completion length": 1806.0,
        "confidence level": 0.9504899999999998,
        "confidence format adherence": 1.0
    },
    "RLVR": {
        "pass@1": 0.654,
        "brier_score": 0.3189978,
        "ece": 0.30032000000000003,
        "auroc": 0.5015467288893604,
        "accuracy": 0.654,
        "completion length": 2121.812,
        "confidence level": 0.9543200000000001,
        "confidence format adherence": 1.0
    },
    "RLVR-Classifier": {
        "pass@1": 0.688,
        "brier_score": 0.16357450860738754,
        "ece": 0.05188549804687502,
        "auroc": 0.8100891659212881,
        "accuracy": 0.688,
        "completion length": 2052.601,
        "confidence level": 0.724368408203125,
        "confidence format adherence": 0.0
    },
    "Answer-Prob": {
        "pass@1": 0.688,
        "brier_score": 0.29690884819646407,
        "ece": 0.297791713570804,
        "auroc": 0.5332951326774001,
        "accuracy": 0.688,
        "completion length": 2097.166,
        "confidence level": 0.985791713570804,
        "confidence format adherence": 1.0
    },
    "RLCR": {
        "pass@1": 0.687,
        "brier_score": 0.18132000000000004,
        "ece": 0.04960000000000003,
        "auroc": 0.7257906999455892,
        "accuracy": 0.687,
        "completion length": 2595.52,
        "confidence level": 0.6922,
        "confidence format adherence": 1.0
    },
    "SFT-RLCR": {
        "pass@1": 0.705,
        "brier_score": 0.15361,
        "ece": 0.029100000000000185,
        "auroc": 0.7923909123692751,
        "accuracy": 0.705,
        "completion length": 3254.188,
        "confidence level": 0.7117,
        "confidence format adherence": 1.0
    }
}