{
    "Base": {
        "pass@1": 0.578,
        "brier_score": 0.38110750000000004,
        "ece": 0.37149999999999966,
        "auroc": 0.51046466816445,
        "accuracy": 0.578,
        "completion length": 435.526,
        "confidence level": 0.9494999999999998,
        "confidence format adherence": 1.0
    },
    "RLVR": {
        "pass@1": 0.622,
        "brier_score": 0.37724504999999997,
        "ece": 0.377445,
        "auroc": 0.5015827293761377,
        "accuracy": 0.622,
        "completion length": 370.229,
        "confidence level": 0.9994449999999999,
        "confidence format adherence": 1.0
    },
    "RLVR-Classifier": {
        "pass@1": 0.622,
        "brier_score": 0.2555005421638489,
        "ece": 0.15085791015625,
        "auroc": 0.5667904353595672,
        "accuracy": 0.622,
        "completion length": 341.231,
        "confidence level": 0.77171142578125,
        "confidence format adherence": 0.0
    },
    "Answer-Prob": {
        "pass@1": 0.622,
        "brier_score": 0.36554155376466674,
        "ece": 0.36133098564060434,
        "auroc": 0.5041405093655897,
        "accuracy": 0.622,
        "completion length": 386.0615,
        "confidence level": 0.9833309856406045,
        "confidence format adherence": 1.0
    },
    "RLCR": {
        "pass@1": 0.608,
        "brier_score": 0.2018282,
        "ece": 0.05833999999999998,
        "auroc": 0.7313524813708377,
        "accuracy": 0.608,
        "completion length": 987.9465,
        "confidence level": 0.65454,
        "confidence format adherence": 1.0
    }
}