{
    "Base": {
        "pass@1": 0.397,
        "brier_score": 0.52526,
        "ece": 0.5348999999999996,
        "auroc": 0.5399492879849284,
        "accuracy": 0.397,
        "completion length": 528.551,
        "confidence level": 0.9318999999999997,
        "confidence format adherence": 1.0
    },
    "RLVR": {
        "pass@1": 0.451,
        "brier_score": 0.5466775,
        "ece": 0.54715,
        "auroc": 0.5049010698750803,
        "accuracy": 0.451,
        "completion length": 1572.443,
        "confidence level": 0.9981500000000001,
        "confidence format adherence": 1.0
    },
    "RLVR-Classifier": {
        "pass@1": 0.497,
        "brier_score": 0.283064967289567,
        "ece": 0.1956422119140625,
        "auroc": 0.5839610225968135,
        "accuracy": 0.497,
        "completion length": 1491.087,
        "confidence level": 0.3096077880859375,
        "confidence format adherence": 0.0
    },
    "Answer-Prob": {
        "pass@1": 0.497,
        "brier_score": 0.4694295364003865,
        "ece": 0.47463725645117494,
        "auroc": 0.5985135464876736,
        "accuracy": 0.497,
        "completion length": 1535.774,
        "confidence level": 0.9716372564511749,
        "confidence format adherence": 1.0
    },
    "RLCR": {
        "pass@1": 0.483,
        "brier_score": 0.2716,
        "ece": 0.17700000000000002,
        "auroc": 0.6149368670182731,
        "accuracy": 0.483,
        "completion length": 2120.978,
        "confidence level": 0.6512,
        "confidence format adherence": 1.0
    },
    "SFT-RLCR": {
        "pass@1": 0.416,
        "brier_score": 0.2414375,
        "ece": 0.09325000000000001,
        "auroc": 0.6501642353793468,
        "accuracy": 0.416,
        "completion length": 3534.95,
        "confidence level": 0.49375,
        "confidence format adherence": 1.0
    }
}