{
    "Base": {
        "pass@1": 0.468,
        "brier_score": 0.484505,
        "ece": 0.49209999999999987,
        "auroc": 0.5909565580618211,
        "accuracy": 0.468,
        "completion length": 1656.764,
        "confidence level": 0.9601,
        "confidence format adherence": 1.0
    },
    "RLVR": {
        "pass@1": 0.536,
        "brier_score": 0.4382654,
        "ece": 0.42726,
        "auroc": 0.45083311888831706,
        "accuracy": 0.536,
        "completion length": 1870.436,
        "confidence level": 0.96326,
        "confidence format adherence": 1.0
    },
    "RLVR-Classifier": {
        "pass@1": 0.592,
        "brier_score": 0.21993834829330444,
        "ece": 0.17697167968750002,
        "auroc": 0.7714377980922098,
        "accuracy": 0.592,
        "completion length": 1801.57,
        "confidence level": 0.7689716796875,
        "confidence format adherence": 0.0
    },
    "Answer-Prob": {
        "pass@1": 0.592,
        "brier_score": 0.3923345845886847,
        "ece": 0.3949630398460615,
        "auroc": 0.5436622284048754,
        "accuracy": 0.592,
        "completion length": 1846.218,
        "confidence level": 0.9869630398460615,
        "confidence format adherence": 1.0
    },
    "RLCR": {
        "pass@1": 0.598,
        "brier_score": 0.22734000000000004,
        "ece": 0.11979999999999986,
        "auroc": 0.6650277042879249,
        "accuracy": 0.598,
        "completion length": 2401.454,
        "confidence level": 0.7178,
        "confidence format adherence": 1.0
    },
    "SFT-RLCR": {
        "pass@1": 0.558,
        "brier_score": 0.19404,
        "ece": 0.15600000000000008,
        "auroc": 0.8060867026711429,
        "accuracy": 0.558,
        "completion length": 3056.128,
        "confidence level": 0.7140000000000002,
        "confidence format adherence": 1.0
    }
}